STATE,UACE,NAME,STATEFP,PART,POP,HOUSING,AREALAND,AREALANDSQMI,AREAWATER,AREAWATERSQMI,POPDEN,city,city_ascii,state_id,state_name,county_fips,county_name,lat,lng,population,density,source,military,incorporated,timezone,ranking,zips,id
Texas,280,Abilene,48,0,"118,138","50,514","160,509,868",61.97,"1,015,710",0.39,"1,906.28",Abilene,Abilene,TX,Texas,48441,Taylor,32.4543,-99.7384,126356,457.4,shape,False,True,America/Chicago,2,79607 79605 79699 79603 79602 79601 79606 79604 79608 79697 79698,1840019476
Texas,1414,Alice,48,0,"19,413","7,966","25,980,592",10.03,0,0.0,"1,935.27",Alice,Alice,TX,Texas,48249,Jim Wells,27.7556,-98.0653,17916,576.8,shape,False,True,America/Chicago,3,78332 78333,1840019714
Texas,1711,Alpine,48,0,"6,283","3,292","11,103,460",4.29,688,0.0,"1,465.57",Alpine,Alpine,TX,Texas,48043,Brewster,30.364,-103.665,5997,480.9,shape,False,True,America/Chicago,3,79830 79832 79831,1840019580
Texas,1900,Alvarado,48,0,"5,034","1,869","7,883,213",3.04,"39,327",0.02,"1,653.89",Alvarado,Alvarado,TX,Texas,48251,Johnson,32.4068,-97.2149,5107,369.6,shape,False,True,America/Chicago,3,76009,1840019465
Texas,1927,Amarillo,48,0,"205,860","87,615","217,541,054",83.99,"1,780,045",0.69,"2,450.92",Amarillo,Amarillo,TX,Texas,48375,Potter,35.1984,-101.8316,205903,750.2,shape,False,True,America/Chicago,2,79121 79109 79101 79102 79103 79104 79106 79107 79118 79111 79110 79114 79116 79117 79120 79166 79168 79172 79174 79178 79189,1840019156
Texas,2467,Andrews,48,0,"15,201","5,797","24,644,900",9.52,"30,529",0.01,"1,597.51",Andrews,Andrews,TX,Texas,48003,Andrews,32.3207,-102.552,13342,741.2,shape,False,True,America/Chicago,3,79714,1840019474
Texas,2500,Angleton,48,0,"19,866","8,221","28,355,057",10.95,"48,854",0.02,"1,814.59",Angleton,Angleton,TX,Texas,48039,Brazoria,29.1721,-95.4293,19452,640.4,shape,False,True,America/Chicago,3,77515 77516,1840019672
Texas,3736,Athens,48,0,"12,050","4,960","24,138,742",9.32,"64,685",0.02,"1,292.92",Athens,Athens,TX,Texas,48213,Henderson,32.2041,-95.8321,12878,278.8,shape,False,True,America/Chicago,3,75751 75752,1840019500
Texas,3844,Atlanta,48,0,"5,531","2,659","17,636,485",6.81,"99,001",0.04,812.25,Atlanta,Atlanta,TX,Texas,48067,Cass,33.1136,-94.1672,5453,168.4,shape,False,True,America/Chicago,3,75551,1840019407
Texas,4021,Aubrey,48,0,"5,116","1,963","7,097,052",2.74,"11,230",0.0,"1,867.03",Aubrey,Aubrey,TX,Texas,48121,Denton,33.2874,-96.9622,5932,760.8,shape,False,True,America/Chicago,3,76227,1840019387
Texas,4384,Austin,48,0,"1,809,888","765,527","1,604,809,936",619.62,"12,678,276",4.9,"2,920.96",Austin,Austin,TX,Texas,48453,Travis,30.3005,-97.7522,1905945,1154.1,shape,False,True,America/Chicago,1,78749 78748 78741 78742 78745 78744 78747 78746 78717 78712 78719 78617 78739 78735 78736 78730 78731 78732 78733 78705 78704 78701 78703 78702 78758 78759 78752 78753 78750 78751 78756 78757 78754 78652 78723 78722 78721 78727 78726 78725 78724 78729 78728 73301 73344 78651 78708 78709 78710 78711 78713 78714 78715 78718 78720 78755 78760 78761 78762 78763 78765 78766 78767 78768 78772 78773 78774 78778 78779 78783 78799,1840019590
Texas,5464,Bastrop,48,0,"19,384","7,798","46,957,839",18.13,"620,588",0.24,"1,069.14",Bastrop,Bastrop,TX,Texas,48021,Bastrop,30.1113,-97.3176,9955,416.7,shape,False,True,America/Chicago,3,78602,1840019603
Texas,5896,Bay City,48,0,"19,311","8,683","26,972,308",10.41,"41,853",0.02,"1,854.32",Bay City,Bay City,TX,Texas,48321,Matagorda,28.9838,-95.9601,17869,744.4,shape,False,True,America/Chicago,3,77414,1840019682
Texas,6058,Beaumont,48,0,"146,649","65,409","248,896,009",96.1,"3,817,936",1.47,"1,526.02",Beaumont,Beaumont,TX,Texas,48245,Jefferson,30.0849,-94.1451,140930,537.6,shape,False,True,America/Chicago,2,77708 77705 77706 77707 77701 77702 77703 77713 77704 77710 77720 77725 77726,1840019612
Texas,6274,Beeville,48,0,"14,230","6,110","16,350,545",6.31,0,0.0,"2,254.09",Beeville,Beeville,TX,Texas,48025,Bee,28.4053,-97.749,13637,825.3,shape,False,True,America/Chicago,3,78102,1840019698
Texas,6770,Belterra,48,0,"8,075","2,807","8,700,398",3.36,0,0.0,"2,403.82",Belterra,Belterra,TX,Texas,48209,Hays,30.1885,-97.9845,6678,1099.6,shape,False,False,America/Chicago,3,78737,1840146927
Texas,7651,Big Spring,48,0,"28,955","11,433","53,464,090",20.64,"606,612",0.23,"1,402.68",Big Spring,Big Spring,TX,Texas,48227,Howard,32.2389,-101.4799,25949,529.7,shape,False,True,America/Chicago,3,79720 79721,1840019471
Texas,8704,Boerne,48,0,"18,320","7,410","24,995,790",9.65,0,0.0,"1,898.26",Boerne,Boerne,TX,Texas,48259,Kendall,29.7847,-98.7292,18475,612.6,shape,False,True,America/Chicago,3,78006,1840019623
Texas,8920,Bonham,48,0,"7,799","3,341","13,023,790",5.03,0,0.0,"1,550.96",Bonham,Bonham,TX,Texas,48147,Fannin,33.588,-96.1901,10485,411.7,shape,False,True,America/Chicago,3,75418,1840019332
Texas,9217,Borger,48,0,"12,848","6,288","24,389,656",9.42,"51,733",0.02,"1,364.36",Borger,Borger,TX,Texas,48233,Hutchinson,35.6598,-101.4012,12505,537.4,shape,False,True,America/Chicago,3,79007,1840019083
Texas,9352,Bowie,48,0,"5,419","2,490","11,176,169",4.32,"46,255",0.02,"1,255.81",Bowie,Bowie,TX,Texas,48337,Montague,33.5566,-97.844,5483,383.6,shape,False,True,America/Chicago,3,76230,1840019314
Texas,9568,Brady,48,0,"4,887","2,528","7,577,027",2.93,"19,525",0.01,"1,670.48",Brady,Brady,TX,Texas,48307,McCulloch,31.1322,-99.37,5129,221.4,shape,False,True,America/Chicago,3,76825,1840019550
Texas,9838,Breckenridge,48,0,"5,455","2,639","12,554,020",4.85,"9,818",0.0,"1,125.41",Breckenridge,Breckenridge,TX,Texas,48429,Stephens,32.7566,-98.9125,5230,481.1,shape,False,True,America/Chicago,3,76424,1840019448
Texas,9973,Brenham,48,0,"17,395","7,340","26,583,191",10.26,"79,918",0.03,"1,694.79",Brenham,Brenham,TX,Texas,48477,Washington,30.1584,-96.3966,17655,522.2,shape,False,True,America/Chicago,3,77833 77834,1840019604
Texas,10837,Brownfield,48,0,"8,264","3,524","11,284,096",4.36,"31,039",0.01,"1,896.80",Brownfield,Brownfield,TX,Texas,48445,Terry,33.1757,-102.273,8912,528.4,shape,False,True,America/Chicago,3,79316,1840019404
Texas,10972,Brownsville,48,0,"216,444","73,165","160,844,426",62.1,"6,262,482",2.42,"3,485.28",Brownsville,Brownsville,TX,Texas,48061,Cameron,25.9975,-97.458,215269,548.4,shape,False,True,America/Chicago,2,78521 78520 78526 78575 78578 78566 78522,1840019743
Texas,10999,Brownwood,48,0,"21,562","9,768","35,064,966",13.54,0,0.0,"1,592.62",Brownwood,Brownwood,TX,Texas,48049,Brown,31.7127,-98.9767,18820,485.4,shape,False,True,America/Chicago,3,76801 76802 76803,1840019519
Texas,11593,Burkburnett,48,0,"10,449","4,632","16,787,734",6.48,0,0.0,"1,612.06",Burkburnett,Burkburnett,TX,Texas,48485,Wichita,34.0746,-98.5672,10979,367.2,shape,False,True,America/Chicago,3,76354,1840019278
Texas,11809,Burnet,48,0,"5,001","2,223","9,249,642",3.57,"53,670",0.02,"1,400.33",Burnet,Burnet,TX,Texas,48053,Burnet,30.7496,-98.2383,6464,240.7,shape,False,True,America/Chicago,3,78611,1840019567
Texas,13078,Cameron,48,0,"5,151","2,221","9,070,934",3.5,0,0.0,"1,470.74",Cameron,Cameron,TX,Texas,48331,Milam,30.8608,-96.9763,5356,394.8,shape,False,True,America/Chicago,3,76520,1840019562
Texas,13456,Canyon,48,0,"16,171","6,999","18,970,245",7.32,"67,565",0.03,"2,207.81",Canyon,Canyon,TX,Texas,48381,Randall,34.9911,-101.919,15089,721.4,shape,False,True,America/Chicago,3,79016 79015,1840019180
Texas,13483,Canyon Lake,48,0,"7,918","4,615","23,917,432",9.23,"39,897",0.02,857.43,Canyon Lake,Canyon Lake,TX,Texas,48091,Comal,29.8761,-98.2611,32035,86.7,shape,False,False,America/Chicago,3,78623 78132 78133 78070,1840018260
Texas,13969,Carrizo Springs,48,0,"5,615","2,470","10,973,849",4.24,"32,947",0.01,"1,325.22",Carrizo Springs,Carrizo Springs,TX,Texas,48127,Dimmit,28.5267,-99.8589,4888,610.7,shape,False,True,America/Chicago,3,78834,1840019702
Texas,14347,Carthage,48,0,"6,328","2,841","19,322,282",7.46,"15,541",0.01,848.21,Carthage,Carthage,TX,Texas,48365,Panola,32.1526,-94.3368,6549,237.2,shape,False,True,America/Chicago,3,75633,1840019497
Texas,14887,Center,48,0,"5,123","2,271","17,564,522",6.78,"18,192",0.01,755.42,Center,Center,TX,Texas,48419,Shelby,31.793,-94.1795,5221,252.4,shape,False,True,America/Chicago,3,75935,1840019528
Texas,16372,Childress,48,0,"4,516","2,298","8,345,931",3.22,"35,605",0.01,"1,401.45",Childress,Childress,TX,Texas,48075,Childress,34.4293,-100.2516,5786,270.5,shape,False,True,America/Chicago,3,79201,1840019250
Texas,17533,Cleburne,48,0,"43,901","16,854","63,482,287",24.51,"339,995",0.13,"1,791.10",Cleburne,Cleburne,TX,Texas,48251,Johnson,32.3568,-97.4151,31849,372.4,shape,False,True,America/Chicago,3,76033 76031,1840019464
Texas,17749,Cleveland,48,0,"7,469","3,054","11,761,157",4.54,0,0.0,"1,644.79",Cleveland,Cleveland,TX,Texas,48291,Liberty,30.3381,-95.0908,7756,159.3,shape,False,True,America/Chicago,3,77327 77328,1840019596
Texas,18694,Coleman,48,0,"3,599","2,129","7,221,414",2.79,0,0.0,"1,290.80",Coleman,Coleman,TX,Texas,48083,Coleman,31.8317,-99.4223,3973,249.7,shape,False,True,America/Chicago,3,76834,1840019516
Texas,18829,Colorado City,48,0,"5,839","1,807","7,212,210",2.78,0,0.0,"2,096.85",Colorado City,Colorado City,TX,Texas,48335,Mitchell,32.3996,-100.8582,3952,286.2,shape,False,True,America/Chicago,3,79512,1840019472
Texas,19477,Commerce,48,0,"8,320","3,217","8,656,431",3.34,"56,945",0.02,"2,489.33",Commerce,Commerce,TX,Texas,48231,Hunt,33.2421,-95.8992,9078,420.6,shape,False,True,America/Chicago,3,75428,1840019394
Texas,20287,Corpus Christi,48,0,"339,066","143,128","334,817,107",129.27,"3,706,849",1.43,"2,622.86",Corpus Christi,Corpus Christi,TX,Texas,48355,Nueces,27.7254,-97.3767,337230,756.1,shape,False,True,America/Chicago,2,78373 78408 78409 78406 78407 78404 78405 78402 78401 78419 78418 78415 78414 78417 78416 78411 78410 78413 78412 78403 78426 78427 78460 78463 78465 78466 78467 78468 78469 78480,1840019718
Texas,20341,Corsicana,48,0,"24,380","9,346","40,202,339",15.52,"346,526",0.13,"1,570.65",Corsicana,Corsicana,TX,Texas,48349,Navarro,32.0824,-96.4665,25107,421.7,shape,False,True,America/Chicago,3,75110 75109 75151,1840019505
Texas,21205,Crockett,48,0,"5,935","2,826","16,989,948",6.56,0,0.0,904.75,Crockett,Crockett,TX,Texas,48225,Houston,31.3177,-95.4564,6365,277.7,shape,False,True,America/Chicago,3,75835,1840019547
Texas,21502,Crystal City,48,0,"6,709","2,670","9,172,766",3.54,"11,147",0.0,"1,894.33",Crystal City,Crystal City,TX,Texas,48507,Zavala,28.6908,-99.8258,6332,666.5,shape,False,True,America/Chicago,3,78839,1840019688
Texas,21610,Cuero,48,0,"7,619","3,020","11,304,553",4.36,"45,653",0.02,"1,745.59",Cuero,Cuero,TX,Texas,48123,DeWitt,29.1023,-97.2871,8138,478.7,shape,False,True,America/Chicago,3,77954,1840019676
Texas,21988,Dalhart,48,0,"8,352","3,489","9,061,417",3.5,"4,719",0.0,"2,387.22",Dalhart,Dalhart,TX,Texas,48111,Dallam,36.058,-102.5123,8013,647.0,shape,False,True,America/Chicago,3,79022,1840019052
Texas,22582,Dayton,48,0,"6,879","2,908","14,002,995",5.41,0,0.0,"1,272.34",Dayton,Dayton,TX,Texas,48291,Liberty,30.0315,-94.9158,8839,111.3,shape,False,True,America/Chicago,3,77535,1840019599
Texas,22771,Decatur,48,0,"6,486","2,608","16,051,644",6.2,0,0.0,"1,046.54",Decatur,Decatur,TX,Texas,48497,Wise,33.2263,-97.5875,6781,297.7,shape,False,True,America/Chicago,3,76234,1840019385
Texas,23203,Del Rio,48,0,"42,680","15,789","48,712,813",18.81,"215,425",0.08,"2,269.23",Del Rio,Del Rio,TX,Texas,48465,Val Verde,29.3708,-100.8801,34722,655.9,shape,False,True,America/Chicago,3,78840 78847,1840019607
Texas,24904,Dumas,48,0,"14,639","5,632","12,787,571",4.94,0,0.0,"2,964.98",Dumas,Dumas,TX,Texas,48341,Moore,35.8613,-101.9642,14404,1006.5,shape,False,True,America/Chicago,3,79029,1840019086
Texas,25498,Eagle Pass,48,0,"54,083","18,705","54,765,192",21.14,"364,285",0.14,"2,557.73",Eagle Pass,Eagle Pass,TX,Texas,48323,Maverick,28.7125,-100.484,28166,1154.4,shape,False,True,America/Chicago,3,78852,1840019690
Texas,26254,Edna,48,0,"5,910","2,619","9,569,304",3.69,0,0.0,"1,599.58",Edna,Edna,TX,Texas,48239,Jackson,28.9757,-96.6483,5985,559.0,shape,False,True,America/Chicago,3,77957,1840020984
Texas,26389,El Campo,48,0,"13,286","5,171","20,274,190",7.83,"19,527",0.01,"1,697.26",El Campo,El Campo,TX,Texas,48481,Wharton,29.2,-96.2723,12242,512.6,shape,False,True,America/Chicago,3,77437,1840020966
Texas,26659,Elgin,48,0,"10,779","3,823","12,346,592",4.77,0,0.0,"2,261.15",Elgin,Elgin,TX,Texas,48021,Bastrop,30.3526,-97.3883,10043,569.2,shape,False,True,America/Chicago,3,78621,1840020903
Texas,27253,El Paso,48,P,"823,732","304,916","633,857,299",244.73,"1,963,004",0.76,"3,365.83",El Paso,El Paso,TX,Texas,48141,El Paso,31.8476,-106.43,865270,1011.4,shape,False,True,America/Denver,2,79901 79902 79903 79904 79905 79906 79907 79930 79932 79935 79934 79936 79915 79912 79911 79835 79922 79920 79927 79924 79925 79910 79913 79914 79917 79923 79926 79931 79937 79940 79941 79942 79943 79944 79945 79946 79947 79948 79949 79950 79951 79952 79953 79954 79955 79958 79960 79961 79968 79976 79978 79980 79995 79996 79997 79998 79999 88540 88541 88542 88543 88544 88545 88546 88547 88548 88549 88550 88553 88554 88555 88556 88557 88558 88559 88560 88561 88562 88563 88565 88566 88567 88568 88569 88570 88571 88572 88573 88574 88575 88576 88577 88578 88579 88580 88581 88582 88583 88584 88585 88586 88588 88590 88595,1840023252
Texas,27290,Elsa,48,0,"12,984","4,221","16,201,322",6.26,0,0.0,"2,075.66",Elsa,Elsa,TX,Texas,48215,Hidalgo,26.2978,-97.9936,5721,1058.2,shape,False,True,America/Chicago,3,78543,1840021021
Texas,27658,Ennis,48,0,"19,763","7,195","32,161,351",12.42,"904,179",0.35,"1,591.54",Ennis,Ennis,TX,Texas,48139,Ellis,32.3254,-96.6347,20709,245.5,shape,False,True,America/Chicago,3,75119 75120,1840020754
Texas,28522,Fabens,48,0,"7,094","2,476","4,379,984",1.69,"58,739",0.02,"4,194.85",Fabens,Fabens,TX,Texas,48141,El Paso,31.5136,-106.1521,5303,473.4,shape,False,False,America/Denver,3,79838,1840018152
Texas,29008,Falfurrias,48,0,"4,497","2,027","5,662,317",2.19,0,0.0,"2,056.96",Falfurrias,Falfurrias,TX,Texas,48047,Brooks,27.2243,-98.1452,4348,586.7,shape,False,True,America/Chicago,3,78355,1840021014
Texas,30088,Floresville,48,0,"6,313","2,449","9,978,132",3.85,"15,265",0.01,"1,638.64",Floresville,Floresville,TX,Texas,48493,Wilson,29.1451,-98.1651,7440,373.5,shape,False,True,America/Chicago,3,78114,1840020981
Texas,30439,Forney,48,0,"41,112","13,983","50,965,415",19.68,"183,299",0.07,"2,089.25",Forney,Forney,TX,Texas,48257,Kaufman,32.744,-96.4529,25269,629.2,shape,False,True,America/Chicago,3,75126,1840020734
Texas,30952,Fort Stockton,48,0,"8,551","3,658","15,502,282",5.99,0,0.0,"1,428.63",Fort Stockton,Fort Stockton,TX,Texas,48371,Pecos,30.8926,-102.8842,8404,584.8,shape,False,True,America/Chicago,3,79735,1840020848
Texas,31573,Fredericksburg,48,0,"11,641","6,225","20,276,772",7.83,"14,339",0.01,"1,486.93",Fredericksburg,Fredericksburg,TX,Texas,48171,Gillespie,30.266,-98.8751,11020,462.8,shape,False,True,America/Chicago,3,78624,1840020898
Texas,32221,Gainesville,48,0,"16,544","6,734","24,748,391",9.56,"26,645",0.01,"1,731.38",Gainesville,Gainesville,TX,Texas,48097,Cooke,33.639,-97.1487,17459,349.2,shape,False,True,America/Chicago,3,76240 76241,1840020573
Texas,32707,Gatesville,48,0,"15,565","4,000","26,353,164",10.18,"31,120",0.01,"1,529.73",Gatesville,Gatesville,TX,Texas,48099,Coryell,31.4445,-97.7317,15848,582.4,shape,False,True,America/Chicago,3,76528 76596 76597 76598 76599,1840020825
Texas,33301,Gilmer,48,0,"5,084","2,208","10,594,732",4.09,"32,501",0.01,"1,242.83",Gilmer,Gilmer,TX,Texas,48459,Upshur,32.7318,-94.9461,4892,498.3,shape,False,True,America/Chicago,3,75645 75644,1840020731
Texas,33868,Gonzales,48,0,"6,953","2,902","11,282,946",4.36,0,0.0,"1,596.05",Gonzales,Gonzales,TX,Texas,48177,Gonzales,29.5126,-97.4472,7190,456.6,shape,False,True,America/Chicago,3,78629,1840020953
Texas,34138,Graham,48,0,"8,585","3,825","12,174,354",4.7,806,0.0,"1,826.38",Graham,Graham,TX,Texas,48503,Young,33.1017,-98.5779,8726,602.0,shape,False,True,America/Chicago,3,76450,1840020668
Texas,34165,Granbury,48,0,"29,706","14,236","56,633,516",21.87,"4,745,502",1.83,"1,358.53",Granbury,Granbury,TX,Texas,48221,Hood,32.4475,-97.7702,11218,268.3,shape,False,True,America/Chicago,3,76048 76049,1840020749
Texas,35488,Greenville,48,0,"27,054","11,244","44,813,281",17.3,"62,711",0.02,"1,563.59",Greenville,Greenville,TX,Texas,48231,Hunt,33.1116,-96.1099,28923,345.9,shape,False,True,America/Chicago,3,75401 75402,1840020649
Texas,35974,Gun Barrel City,48,0,"18,309","10,004","47,670,862",18.41,"62,287",0.02,994.74,Gun Barrel City,Gun Barrel City,TX,Texas,48213,Henderson,32.3277,-96.1286,6247,385.7,shape,False,True,America/Chicago,3,75156,1840020772
Texas,36892,Harlingen,48,0,"118,838","46,951","140,267,207",54.16,"1,882,097",0.73,"2,194.30",Harlingen,Harlingen,TX,Texas,48061,Cameron,26.1916,-97.6977,121441,688.2,shape,False,True,America/Chicago,2,78550 78552 78551 78553,1840021036
Texas,37980,Heartland,48,0,"9,841","3,065","7,165,776",2.77,"142,320",0.05,"3,556.92",Heartland,Heartland,TX,Texas,48257,Kaufman,32.6748,-96.4515,8669,1004.9,shape,False,False,America/Chicago,3,75114 75126,1840147186
Texas,38242,Hempstead,48,0,"4,890","2,095","7,844,261",3.03,"2,782",0.0,"1,614.56",Hempstead,Hempstead,TX,Texas,48473,Waller,30.1006,-96.0777,5686,334.5,shape,False,True,America/Chicago,3,77445,1840020913
Texas,38323,Henderson,48,0,"14,924","4,608","27,194,749",10.5,"142,220",0.05,"1,421.34",Henderson,Henderson,TX,Texas,48401,Rusk,32.1576,-94.796,13338,430.9,shape,False,True,America/Chicago,3,75652 75654 75653,1840020767
Texas,38431,Hereford,48,0,"15,520","5,727","17,280,260",6.67,0,0.0,"2,326.16",Hereford,Hereford,TX,Texas,48117,Deaf Smith,34.8225,-102.4001,14943,912.3,shape,False,True,America/Chicago,3,79045,1840020462
Texas,38944,Hillsboro,48,0,"8,068","3,301","15,403,340",5.95,"58,410",0.02,"1,356.59",Hillsboro,Hillsboro,TX,Texas,48217,Hill,32.0093,-97.115,8281,294.2,shape,False,True,America/Chicago,3,76645,1840020783
Texas,39781,Hondo,48,0,"6,006","2,403","7,863,462",3.04,"11,836",0.0,"1,978.20",Hondo,Hondo,TX,Texas,48325,Medina,29.3531,-99.1616,8424,323.7,shape,False,True,America/Chicago,3,78861,1840020963
Texas,40153,Hornsby Bend,48,0,"11,337","3,772","9,835,212",3.8,0,0.0,"2,985.47",Hornsby Bend,Hornsby Bend,TX,Texas,48453,Travis,30.2388,-97.5899,11031,453.1,shape,False,False,America/Chicago,3,78725 78724,1840027020
Texas,40189,Horseshoe Bay,48,0,"5,583","4,331","21,962,211",8.48,"259,131",0.1,658.4,Horseshoe Bay,Horseshoe Bay,TX,Texas,48299,Llano,30.5403,-98.3804,4601,124.0,shape,False,True,America/Chicago,3,78657,1840020869
Texas,40429,Houston,48,0,"5,853,575","2,232,438","4,539,436,477","1,752.69","66,558,913",25.7,"3,339.77",Houston,Houston,TX,Texas,48201,Harris,29.786,-95.3885,5970127,1384.0,shape,False,True,America/Chicago,1,77069 77068 77061 77060 77063 77062 77065 77064 77067 77066 77346 77571 77036 77037 77034 77035 77032 77033 77030 77031 77038 77449 77093 77044 77043 77042 77204 77598 77018 77019 77015 77016 77017 77010 77011 77012 77013 77094 77091 77092 77053 77345 77547 77080 77025 77024 77027 77026 77021 77020 77023 77022 77029 77028 77096 77090 77098 77099 77078 77079 77072 77073 77070 77071 77076 77077 77074 77075 77407 77047 77046 77045 77041 77040 77048 77336 77339 77338 77489 77003 77002 77007 77006 77005 77004 77009 77008 77450 77086 77089 77088 77083 77082 77081 77087 77085 77084 77054 77055 77056 77057 77058 77059 77396 77051 77506 77504 77001 77052 77201 77202 77203 77205 77206 77207 77208 77210 77212 77213 77215 77216 77217 77218 77219 77220 77221 77222 77223 77225 77226 77227 77228 77229 77230 77231 77233 77234 77235 77236 77237 77241 77242 77243 77244 77245 77248 77249 77251 77252 77253 77254 77255 77256 77257 77259 77261 77262 77263 77266 77269 77270 77271 77272 77273 77274 77275 77282 77284 77287 77288 77289 77291 77292 77293 77297 77299 77315 77325 77411,1840020925
Texas,40807,Huntsville,48,0,"43,415","15,643","44,021,442",17,"741,871",0.29,"2,554.31",Huntsville,Huntsville,TX,Texas,48471,Walker,30.7009,-95.5567,46202,418.9,shape,False,True,America/Chicago,3,77341 77342 77320 77340 77343 77344 77348 77349,1840019565
Texas,41644,Iowa Park,48,0,"6,454","2,785","7,925,550",3.06,"187,040",0.07,"2,109.10",Iowa Park,Iowa Park,TX,Texas,48485,Wichita,33.9622,-98.6819,6529,596.5,shape,False,True,America/Chicago,3,76367,1840019279
Texas,42427,Jacksonville,48,0,"13,881","5,546","27,309,380",10.54,0,0.0,"1,316.46",Jacksonville,Jacksonville,TX,Texas,48073,Cherokee,31.9642,-95.2617,14104,376.7,shape,False,True,America/Chicago,3,75766,1840019515
Texas,42751,Jasper,48,0,"7,000","3,373","22,111,605",8.54,"13,407",0.01,819.93,Jasper,Jasper,TX,Texas,48241,Jasper,30.9221,-93.9947,7131,263.6,shape,False,True,America/Chicago,3,75951,1840019560
Texas,44074,Kaufman,48,0,"6,127","2,290","7,944,797",3.07,"4,313",0.0,"1,997.39",Kaufman,Kaufman,TX,Texas,48257,Kaufman,32.5766,-96.3158,7520,310.6,shape,False,True,America/Chicago,3,75142,1840019450
Texas,44614,Kermit,48,0,"6,381","2,643","7,225,148",2.79,0,0.0,"2,287.39",Kermit,Kermit,TX,Texas,48495,Winkler,31.854,-103.0924,5984,918.2,shape,False,True,America/Chicago,3,79745,1840020796
Texas,44641,Kerrville,48,0,"31,844","14,956","56,518,765",21.82,"435,135",0.17,"1,459.26",Kerrville,Kerrville,TX,Texas,48265,Kerr,30.0398,-99.132,24333,421.5,shape,False,True,America/Chicago,3,78028,1840020908
Texas,44938,Kilgore,48,0,"16,719","6,776","56,365,620",21.76,"56,215",0.02,768.23,Kilgore,Kilgore,TX,Texas,48183,Gregg,32.398,-94.8602,13400,278.0,shape,False,True,America/Chicago,3,75662 75663,1840020747
Texas,44992,Killeen,48,0,"257,222","98,214","260,093,903",100.42,"715,102",0.28,"2,561.39",Killeen,Killeen,TX,Texas,48027,Bell,31.0753,-97.7297,265921,1086.4,shape,False,True,America/Chicago,2,76541 76543 76542 76549 76540 76547,1840020854
Texas,45181,Kingsland,48,0,"8,093","4,878","26,779,704",10.34,"158,083",0.06,782.71,Kingsland,Kingsland,TX,Texas,48299,Llano,30.6651,-98.4545,7075,302.0,shape,False,False,America/Chicago,3,78639,1840018217
Texas,45316,Kingsville,48,0,"24,945","11,291","32,856,175",12.69,"6,585",0.0,"1,966.37",Kingsville,Kingsville,TX,Texas,48273,Kleberg,27.5094,-97.861,25265,702.6,shape,False,True,America/Chicago,3,78363 78364,1840021013
Texas,45761,Krum,48,0,"5,876","2,062","8,470,367",3.27,"6,508",0.0,"1,796.71",Krum,Krum,TX,Texas,48121,Denton,33.2655,-97.2252,5627,728.2,shape,False,True,America/Chicago,3,76249,1840020645
Texas,46342,La Grange,48,0,"5,020","2,296","9,892,476",3.82,"8,895",0.0,"1,314.31",La Grange,La Grange,TX,Texas,48149,Fayette,29.9129,-96.8768,4416,412.3,shape,False,True,America/Chicago,3,78945,1840020934
Texas,46801,Lake Jackson,48,0,"56,054","24,765","88,959,801",34.35,"5,038,143",1.95,"1,631.96",Lake Jackson,Lake Jackson,TX,Texas,48039,Brazoria,29.0516,-95.4521,27954,546.9,shape,False,True,America/Chicago,3,77515 77566,1840020980
Texas,47395,Lamesa,48,0,"8,731","3,952","11,251,019",4.34,"23,217",0.01,"2,009.88",Lamesa,Lamesa,TX,Texas,48115,Dawson,32.7333,-101.9541,8571,647.9,shape,False,True,America/Chicago,3,79331,1840020725
Texas,47422,Lampasas,48,0,"6,674","3,004","10,140,685",3.92,"24,267",0.01,"1,704.58",Lampasas,Lampasas,TX,Texas,48281,Lampasas,31.064,-98.1824,7377,385.4,shape,False,True,America/Chicago,3,76550,1840020846
Texas,47854,Laredo,48,0,"251,462","79,974","166,290,032",64.2,"1,566,734",0.6,"3,916.55",Laredo,Laredo,TX,Texas,48479,Webb,27.5625,-99.4874,255293,922.7,shape,False,True,America/Chicago,2,78046 78045 78043 78040 78041 78042,1840021002
Texas,49204,Levelland,48,0,"12,601","5,391","16,589,128",6.41,"5,302",0.0,"1,967.34",Levelland,Levelland,TX,Texas,48219,Hockley,33.5806,-102.3635,12607,476.9,shape,False,True,America/Chicago,3,79336 79338,1840020606
Texas,49690,Liberty,48,0,"6,387","2,607","13,918,964",5.37,0,0.0,"1,188.47",Liberty,Liberty,TX,Texas,48291,Liberty,30.0378,-94.7879,8348,72.4,shape,False,True,America/Chicago,4,77575 77535,1840020965
Texas,50365,Littlefield,48,0,"5,626","2,573","7,763,061",3,0,0.0,"1,877.00",Littlefield,Littlefield,TX,Texas,48279,Lamb,33.9192,-102.3348,5939,365.0,shape,False,True,America/Chicago,3,79339,1840020539
Texas,50662,Livingston,48,0,"5,592","2,377","17,852,551",6.89,"28,894",0.01,811.27,Livingston,Livingston,TX,Texas,48373,Polk,30.71,-94.9381,5672,250.9,shape,False,True,America/Chicago,3,77351 77399,1840022159
Texas,50743,Lockhart,48,0,"12,886","5,022","21,561,023",8.32,"16,001",0.01,"1,547.91",Lockhart,Lockhart,TX,Texas,48055,Caldwell,29.8785,-97.6831,14463,357.6,shape,False,True,America/Chicago,3,78644,1840020936
Texas,51256,Longview,48,0,"107,099","45,766","233,762,595",90.26,"917,375",0.35,"1,186.61",Longview,Longview,TX,Texas,48183,Gregg,32.5193,-94.7622,111855,568.3,shape,False,True,America/Chicago,2,75602 75601 75605 75604 75606 75608 75615 75660,1840020746
Texas,51877,Lubbock,48,0,"272,280","116,963","275,248,143",106.27,"2,166,424",0.84,"2,562.06",Lubbock,Lubbock,TX,Texas,48303,Lubbock,33.5657,-101.8879,280890,722.2,shape,False,True,America/Chicago,2,79406 79423 79424 79416 79412 79410 79407 79414 79411 79404 79401 79403 79402 79415 79413 79408 79409 79430 79452 79453 79457 79464 79490 79491 79493 79499,1840020604
Texas,51985,Lufkin,48,0,"41,551","17,728","95,156,630",36.74,"567,033",0.22,"1,130.94",Lufkin,Lufkin,TX,Texas,48005,Angelina,31.3217,-94.7277,34165,385.6,shape,False,True,America/Chicago,3,75904 75901 75903 75915,1840020840
Texas,52039,Luling,48,0,"5,391","2,218","7,275,021",2.81,0,0.0,"1,919.26",Luling,Luling,TX,Texas,48055,Caldwell,29.6814,-97.6468,5455,382.2,shape,False,True,America/Chicago,3,78648,1840020937
Texas,52390,McAllen,48,0,"779,553","269,683","844,899,606",326.22,"1,681,658",0.65,"2,389.67",McAllen,McAllen,TX,Texas,48215,Hidalgo,26.2252,-98.2467,797341,884.4,shape,False,True,America/Chicago,2,78573 78504 78503 78501 78557 78502 78505,1840021024
Texas,52606,McGregor,48,0,"5,139","1,981","6,001,304",2.32,0,0.0,"2,217.84",McGregor,McGregor,TX,Texas,48309,McLennan,31.4186,-97.4283,5478,93.5,shape,False,True,America/Chicago,3,76657,1840020816
Texas,54050,Manor,48,0,"17,006","5,733","13,793,390",5.33,0,0.0,"3,193.22",Manor,Manor,TX,Texas,48453,Travis,30.3562,-97.5227,15341,604.1,shape,False,True,America/Chicago,3,78653,1840020890
Texas,54334,Marble Falls,48,0,"7,953","3,692","14,286,889",5.52,"522,664",0.2,"1,441.75",Marble Falls,Marble Falls,TX,Texas,48053,Burnet,30.5649,-98.2768,7068,174.3,shape,False,True,America/Chicago,3,78654,1840020870
Texas,54820,Marlin,48,0,"5,396","2,430","10,625,487",4.1,"114,571",0.04,"1,315.29",Marlin,Marlin,TX,Texas,48145,Falls,31.3085,-96.8934,5478,468.3,shape,False,True,America/Chicago,3,76661,1840020844
Texas,55036,Marshall,48,0,"21,387","8,991","41,867,103",16.16,"54,941",0.02,"1,323.05",Marshall,Marshall,TX,Texas,48203,Harrison,32.537,-94.3515,23509,305.0,shape,False,True,America/Chicago,3,75672 75670,1840020739
Texas,55495,Mathis,48,0,"5,253","2,306","8,399,920",3.24,0,0.0,"1,619.68",Mathis,Mathis,TX,Texas,48409,San Patricio,28.0909,-97.817,4350,506.5,shape,False,True,America/Chicago,3,78368,1840021004
Texas,56521,Mexia,48,0,"6,661","2,695","11,631,870",4.49,"83,451",0.03,"1,483.16",Mexia,Mexia,TX,Texas,48293,Limestone,31.6809,-96.4833,6907,370.5,shape,False,True,America/Chicago,3,76667,1840020822
Texas,57007,Midland,48,0,"141,997","59,089","176,864,141",68.29,"145,403",0.06,"2,079.40",Midland,Midland,TX,Texas,48329,Midland,32.0243,-102.1147,140171,673.3,shape,False,True,America/Chicago,2,79701 79706 79707 79705 79703 79702 79708 79711,1840020792
Texas,57034,Midlothian,48,0,"30,908","10,511","64,025,479",24.72,"530,345",0.2,"1,250.30",Midlothian,Midlothian,TX,Texas,48139,Ellis,32.4669,-96.989,35460,215.4,shape,False,True,America/Chicago,3,76065,1840020757
Texas,57547,Mineola,48,0,"5,699","2,495","14,647,065",5.66,"153,653",0.06,"1,007.73",Mineola,Mineola,TX,Texas,48499,Wood,32.6462,-95.4774,4879,182.7,shape,False,True,America/Chicago,3,75773,1840020685
Texas,57574,Mineral Wells,48,0,"14,211","5,987","22,936,185",8.86,"67,060",0.03,"1,604.73",Mineral Wells,Mineral Wells,TX,Texas,48363,Palo Pinto,32.8169,-98.0776,15049,284.8,shape,False,True,America/Chicago,3,76088 76067 76068,1840020689
Texas,58087,Monahans,48,0,"9,162","4,019","18,911,937",7.3,"31,467",0.01,"1,254.74",Monahans,Monahans,TX,Texas,48475,Ward,31.6289,-103.0403,7595,101.4,shape,False,True,America/Chicago,3,79756 79788,1840036514
Texas,58429,Mont Belvieu,48,0,"12,180","4,061","27,955,192",10.79,"157,513",0.06,"1,128.45",Mont Belvieu,Mont Belvieu,TX,Texas,48071,Chambers,29.8518,-94.8775,7868,170.8,shape,False,True,America/Chicago,3,77523 77535 77580,1840020942
Texas,60166,Mount Pleasant,48,0,"15,419","5,636","32,981,554",12.73,"840,959",0.32,"1,210.83",Mount Pleasant,Mount Pleasant,TX,Texas,48449,Titus,33.1586,-94.9727,16065,326.9,shape,False,True,America/Chicago,3,75455 75456,1840020666
Texas,60571,Muleshoe,48,0,"5,159","1,944","6,955,733",2.69,0,0.0,"1,920.97",Muleshoe,Muleshoe,TX,Texas,48017,Bailey,34.2292,-102.7284,5515,620.6,shape,False,True,America/Chicago,3,79347,1840020541
Texas,60949,Nacogdoches,48,0,"33,732","14,961","64,761,902",25,"197,886",0.08,"1,349.03",Nacogdoches,Nacogdoches,TX,Texas,48347,Nacogdoches,31.6134,-94.6528,32148,449.6,shape,False,True,America/Chicago,3,75962 75961 75964 75965 75963,1840020820
Texas,61381,Navasota,48,0,"7,458","3,021","18,281,173",7.06,"104,492",0.04,"1,056.61",Navasota,Navasota,TX,Texas,48185,Grimes,30.3873,-96.0901,7843,368.4,shape,False,True,America/Chicago,3,77868,1840023174
Texas,61921,New Boston,48,0,"4,502","2,138","9,654,465",3.73,"6,794",0.0,"1,207.74",New Boston,New Boston,TX,Texas,48037,Bowie,33.4612,-94.4183,4625,420.8,shape,False,True,America/Chicago,3,75570,1840020613
Texas,61948,New Braunfels,48,0,"100,736","41,658","130,603,555",50.43,"2,143,743",0.83,"1,997.69",New Braunfels,New Braunfels,TX,Texas,48091,Comal,29.6994,-98.1148,92993,797.3,shape,False,True,America/Chicago,3,78132 78130 78131 78135,1840021341
Texas,64864,Odessa,48,0,"154,818","63,127","222,727,634",86,"1,247,556",0.48,"1,800.30",Odessa,Odessa,TX,Texas,48135,Ector,31.8801,-102.3448,155039,850.4,shape,False,True,America/Chicago,2,79762 79761 79763 79765 79768,1840020794
Texas,65647,Orange,48,0,"40,796","18,518","95,108,876",36.72,"4,947,934",1.91,"1,110.95",Orange,Orange,TX,Texas,48361,Orange,30.1226,-93.7607,19221,347.5,shape,False,True,America/Chicago,3,77630 77632 77631,1840020910
Texas,67078,Palestine,48,0,"18,615","7,789","39,343,056",15.19,"185,637",0.07,"1,225.44",Palestine,Palestine,TX,Texas,48001,Anderson,31.7544,-95.6471,18741,372.6,shape,False,True,America/Chicago,3,75801 75803 75802 75882,1840020798
Texas,67240,Pampa,48,0,"16,865","8,413","21,374,659",8.25,0,0.0,"2,043.55",Pampa,Pampa,TX,Texas,48179,Gray,35.5479,-100.9651,16861,721.7,shape,False,True,America/Chicago,3,79065,1840022939
Texas,67564,Paris,48,0,"26,292","12,343","45,395,056",17.53,"161,369",0.06,"1,500.07",Paris,Paris,TX,Texas,48277,Lamar,33.6688,-95.546,24574,269.6,shape,False,True,America/Chicago,3,75462 75460 75461,1840020594
Texas,68212,Pearsall,48,0,"9,063","3,016","14,015,152",5.41,0,0.0,"1,674.83",Pearsall,Pearsall,TX,Texas,48163,Frio,28.8915,-99.0975,8870,523.0,shape,False,True,America/Chicago,3,78061,1840020992
Texas,68239,Pecan Plantation,48,0,"6,831","3,229","21,036,038",8.12,"46,831",0.02,841.04,Pecan Plantation,Pecan Plantation,TX,Texas,48221,Hood,32.3628,-97.6553,6664,346.6,shape,False,False,America/Chicago,3,76049,1840019460
Texas,68752,Perryton,48,0,"8,391","3,580","10,305,237",3.98,0,0.0,"2,108.89",Perryton,Perryton,TX,Texas,48357,Ochiltree,36.3928,-100.7976,8664,697.3,shape,False,True,America/Chicago,3,79070,1840020379
Texas,69967,Plainview,48,0,"22,615","9,073","30,525,007",11.79,0,0.0,"1,918.84",Plainview,Plainview,TX,Texas,48189,Hale,34.1911,-101.7235,20113,558.9,shape,False,True,America/Chicago,3,79072,1840020538
Texas,70237,Pleasanton,48,0,"13,983","5,668","23,462,251",9.06,"13,126",0.01,"1,543.58",Pleasanton,Pleasanton,TX,Texas,48013,Atascosa,28.9642,-98.4957,10706,461.4,shape,False,True,America/Chicago,3,78064,1840020988
Texas,70993,Port Arthur,48,0,"116,819","47,850","172,141,854",66.46,"7,867,704",3.04,"1,757.62",Port Arthur,Port Arthur,TX,Texas,48245,Jefferson,29.8554,-93.9264,117348,285.7,shape,False,True,America/Chicago,2,77655 77640 77642 77641 77643,1840020919
Texas,71371,Port Lavaca,48,0,"12,055","5,006","27,154,857",10.48,"121,453",0.05,"1,149.79",Port Lavaca,Port Lavaca,TX,Texas,48057,Calhoun,28.6181,-96.6278,11545,439.1,shape,False,True,America/Chicago,3,77979,1840020996
Texas,72397,Princeton,48,0,"18,184","5,936","21,331,024",8.24,"156,654",0.06,"2,207.88",Princeton,Princeton,TX,Texas,48085,Collin,33.1778,-96.5044,18441,705.1,shape,False,True,America/Chicago,3,75407,1840020663
Texas,73612,Raymondville,48,0,"12,986","3,991","14,592,800",5.63,"151,218",0.06,"2,304.81",Raymondville,Raymondville,TX,Texas,48489,Willacy,26.4759,-97.7769,10301,966.6,shape,False,True,America/Chicago,3,78580,1840021035
Texas,75556,Robstown,48,0,"10,775","4,198","9,491,863",3.66,0,0.0,"2,940.11",Robstown,Robstown,TX,Texas,48355,Nueces,27.794,-97.6692,10246,304.6,shape,False,True,America/Chicago,3,78380,1840021010
Texas,75691,Rockdale,48,0,"5,464","2,537","8,550,770",3.3,0,0.0,"1,655.02",Rockdale,Rockdale,TX,Texas,48331,Milam,30.6543,-97.0089,5424,488.7,shape,False,True,America/Chicago,3,76567,1840020859
Texas,75853,Rockport,48,0,"16,217","10,898","49,427,181",19.08,"1,561,027",0.6,849.77,Rockport,Rockport,TX,Texas,48007,Aransas,28.029,-97.0722,10265,239.5,shape,False,True,America/Chicago,3,78382 78381,1840020999
Texas,76555,Royse City,48,0,"13,922","4,799","15,887,851",6.13,"75,670",0.03,"2,269.52",Royse City,Royse City,TX,Texas,48397,Rockwall,32.9762,-96.3175,15051,302.6,shape,False,True,America/Chicago,3,75189,1840020718
Texas,78553,San Angelo,48,0,"99,982","43,410","127,600,935",49.27,"2,639,628",1.02,"2,029.39",San Angelo,San Angelo,TX,Texas,48451,Tom Green,31.4424,-100.4504,100057,640.0,shape,False,True,America/Chicago,2,76905 76904 76901 76903 76909 76908 76886 76906,1840022146
Texas,78580,San Antonio,48,0,"1,992,689","789,482","1,588,802,530",613.44,"8,698,357",3.36,"3,248.38",San Antonio,San Antonio,TX,Texas,48029,Bexar,29.4632,-98.5238,2058444,1118.8,shape,False,True,America/Chicago,1,78112 78239 78259 78258 78252 78251 78250 78257 78256 78255 78254 78208 78201 78202 78203 78204 78205 78207 78245 78242 78248 78231 78230 78233 78232 78235 78234 78237 78238 78209 78109 78266 78264 78260 78219 78218 78217 78216 78215 78214 78213 78212 78211 78210 78244 78247 78240 78249 78073 78023 78222 78223 78220 78221 78226 78227 78224 78225 78228 78229 78206 78241 78246 78265 78268 78269 78270 78278 78279 78280 78283 78284 78285 78288 78289 78291 78292 78293 78294 78295 78296 78297 78298 78299,1840022220
Texas,78958,Sanger,48,0,"8,279","3,144","11,371,906",4.39,"57,008",0.02,"1,885.57",Sanger,Sanger,TX,Texas,48121,Denton,33.3715,-97.1678,9041,296.9,shape,False,True,America/Chicago,3,76266,1840022004
Texas,79201,San Marcos,48,0,"70,801","30,583","63,296,277",24.44,"115,426",0.04,"2,897.07",San Marcos,San Marcos,TX,Texas,48209,Hays,29.8734,-97.9356,67491,692.4,shape,False,True,America/Chicago,3,78666 78656 78667,1840022188
Texas,80281,Sealy,48,0,"6,385","2,718","14,718,390",5.68,"160,229",0.06,"1,123.57",Sealy,Sealy,TX,Texas,48015,Austin,29.7662,-96.163,6837,228.2,shape,False,True,America/Chicago,3,77474,1840022209
Texas,80497,Seguin,48,0,"28,998","12,250","51,794,885",20,"1,963,042",0.76,"1,450.04",Seguin,Seguin,TX,Texas,48187,Guadalupe,29.5891,-97.9676,30318,296.3,shape,False,True,America/Chicago,3,78155 78156,1840022214
Texas,80632,Seminole,48,0,"7,068","2,807","8,746,908",3.38,0,0.0,"2,092.86",Seminole,Seminole,TX,Texas,48165,Gaines,32.7207,-102.6501,7024,652.5,shape,False,True,America/Chicago,3,79360,1840022061
Texas,82009,Silsbee,48,0,"9,234","4,130","31,325,736",12.09,"183,333",0.07,763.46,Silsbee,Silsbee,TX,Texas,48199,Hardin,30.3456,-94.1764,6904,347.0,shape,False,True,America/Chicago,3,77656,1840022182
Texas,82171,Sinton,48,0,"5,661","2,203","6,005,422",2.32,0,0.0,"2,441.45",Sinton,Sinton,TX,Texas,48409,San Patricio,28.0392,-97.5153,5505,655.7,shape,False,True,America/Chicago,3,78387,1840022251
Texas,82414,Slaton,48,0,"5,678","2,464","7,125,449",2.75,"30,586",0.01,"2,063.86",Slaton,Slaton,TX,Texas,48303,Lubbock,33.4421,-101.6476,5859,418.9,shape,False,True,America/Chicago,3,79364,1840021982
Texas,82711,Snyder,48,0,"11,547","4,783","18,641,089",7.2,"58,466",0.02,"1,604.34",Snyder,Snyder,TX,Texas,48415,Scurry,32.7133,-100.9116,11378,491.7,shape,False,True,America/Chicago,3,79549 79550,1840022059
Texas,83080,Sonterra,48,0,"9,024","3,182","8,032,771",3.1,"25,107",0.01,"2,909.59",Sonterra,Sonterra,TX,Texas,48491,Williamson,30.8079,-97.5952,8082,1319.4,shape,False,False,America/Chicago,3,76537,1840033584
Texas,84763,Stephenville,48,0,"20,852","8,447","24,282,134",9.38,"11,395",0.0,"2,224.12",Stephenville,Stephenville,TX,Texas,48143,Erath,32.2147,-98.2205,21020,683.5,shape,False,True,America/Chicago,3,76401 76402,1840022097
Texas,85546,Sulphur Springs,48,0,"14,683","6,547","28,051,656",10.83,"476,384",0.18,"1,355.67",Sulphur Springs,Sulphur Springs,TX,Texas,48223,Hopkins,33.1421,-95.6122,16033,301.4,shape,False,True,America/Chicago,3,75482 75483,1840022031
Texas,86167,Sweetwater,48,0,"10,372","5,035","19,549,660",7.55,"2,421",0.0,"1,374.11",Sweetwater,Sweetwater,TX,Texas,48353,Nolan,32.4692,-100.4092,10546,368.0,shape,False,True,America/Chicago,3,79556,1840022089
Texas,86734,Taylor,48,0,"15,147","5,969","18,191,471",7.02,"167,477",0.06,"2,156.54",Taylor,Taylor,TX,Texas,48491,Williamson,30.5729,-97.4268,16449,309.1,shape,False,True,America/Chicago,3,76574,1840022165
Texas,87058,Temple,48,0,"114,632","47,995","151,216,886",58.39,"542,019",0.21,"1,963.38",Temple,Temple,TX,Texas,48027,Bell,31.1068,-97.3891,120240,447.0,shape,False,True,America/Chicago,2,76501 76502 76504 76508 76533,1840022154
Texas,87166,Terrell,48,0,"16,581","6,180","31,864,140",12.3,"11,575",0.0,"1,347.74",Terrell,Terrell,TX,Texas,48257,Kaufman,32.734,-96.2931,18001,255.4,shape,False,True,America/Chicago,3,75160 75161,1840022065
Texas,87193,Texarkana,48,P,"53,144","23,134","116,566,135",45.01,"638,975",0.25,"1,180.81",Texarkana,Texarkana,TX,Texas,48037,Bowie,33.45,-94.0847,79570,444.7,shape,False,True,America/Chicago,3,75501 75503 75599,1840021987
Texas,89326,Tyler,48,0,"131,028","55,860","211,165,770",81.53,"2,199,378",0.85,"1,607.08",Tyler,Tyler,TX,Texas,48423,Smith,32.3184,-95.3062,138024,711.1,shape,False,True,America/Chicago,2,75709 75702 75703 75701 75711 75710 75712 75713 75798 75799,1840022076
Texas,89839,Uvalde,48,0,"15,926","6,182","19,037,171",7.35,"22,341",0.01,"2,166.72",Uvalde,Uvalde,TX,Texas,48463,Uvalde,29.2152,-99.7782,15342,772.9,shape,False,True,America/Chicago,3,78801,1840022231
Texas,90379,Vernon,48,0,"9,524","4,516","15,002,986",5.79,"23,262",0.01,"1,644.14",Vernon,Vernon,TX,Texas,48487,Wilbarger,34.1479,-99.3,10018,490.2,shape,False,True,America/Chicago,3,76384 76385,1840021912
Texas,90514,Victoria,48,0,"65,986","28,572","87,023,661",33.6,0,0.0,"1,963.87",Victoria,Victoria,TX,Texas,48469,Victoria,28.8287,-96.9849,65656,680.0,shape,False,True,America/Chicago,3,77901 77904 77905 77902 77903,1840023044
Texas,91027,Waco,48,0,"192,844","79,136","232,786,010",89.88,"1,417,901",0.55,"2,145.59",Waco,Waco,TX,Texas,48309,McLennan,31.5599,-97.1882,195709,604.6,shape,False,True,America/Chicago,2,76798 76710 76711 76712 76708 76701 76707 76706 76704 76702 76703 76714 76797 76799,1840022140
Texas,93484,Weatherford,48,0,"48,112","19,274","100,200,945",38.69,"176,674",0.07,"1,243.60",Weatherford,Weatherford,TX,Texas,48367,Parker,32.7536,-97.7723,32168,454.8,shape,False,True,America/Chicago,3,76086 76087,1840022041
Texas,93970,West Columbia,48,0,"5,888","2,537","9,625,372",3.72,"1,285,408",0.5,"1,584.34",West Columbia,West Columbia,TX,Texas,48039,Brazoria,29.1422,-95.6491,3641,539.1,shape,False,True,America/Chicago,3,77486,1840022237
Texas,94672,Wharton,48,0,"8,526","3,907","12,064,164",4.66,"7,360",0.0,"1,830.40",Wharton,Wharton,TX,Texas,48481,Wharton,29.3177,-96.1022,8669,405.9,shape,False,True,America/Chicago,3,77488,1840022229
Texas,94863,Whitehouse,48,0,"9,139","3,272","13,499,092",5.21,"151,177",0.06,"1,753.44",Whitehouse,Whitehouse,TX,Texas,48423,Smith,32.2222,-95.221,8512,598.0,shape,False,True,America/Chicago,3,75791,1840022077
Texas,95104,Wichita Falls,48,0,"97,039","42,923","131,530,216",50.78,0,0.0,"1,910.81",Wichita Falls,Wichita Falls,TX,Texas,48485,Wichita,33.9072,-98.5291,102482,547.5,shape,False,True,America/Chicago,2,76309 76308 76310 76311 76306 76305 76302 76301 76307,1840021923
Texas,97696,Yoakum,48,0,"5,598","2,473","8,161,955",3.15,0,0.0,"1,776.38",Yoakum,Yoakum,TX,Texas,48285,Lavaca,29.2934,-97.1468,5841,492.4,shape,False,True,America/Chicago,3,77995,1840022242
